Steps,Mean Distance
100,5.031468180112957
200,12.396351908012926
500,24.675635844623777
1000,34.78388846734098
5000,67.08781183843247
10000,95.12854161189607
