Steps,Mean Distance
100,7.888513679848762
200,9.79548754624693
500,19.000398688165873
1000,29.396649193258007
5000,50.06946169333024
10000,82.53282311222246
